word,col
firstname,firstname
firstnam,firstname
firstna,firstname
firstnme,firstname
firstnm,firstname
firstne,firstname
firstn,firstname
firsname,firstname
firsnam,firstname
firsnme,firstname
firsnm,firstname
frstname,firstname
frstnam,firstname
frstna,firstname
frstnme,firstname
frstnm,firstname
frstne,firstname
frstn,firstname
frsname,firstname
frsnam,firstname
frsnme,firstname
frsnm,firstname
frtname,firstname
frtnam,firstname
frtnme,firstname
frtnm,firstname
fstname,firstname
fstnam,firstname
fstnme,firstname
fstnm,firstname
ptntsfirstname,firstname
ptntsfirstnam,firstname
ptntsfirstna,firstname
ptntsfirstnme,firstname
ptntsfirstnm,firstname
ptntsfirstne,firstname
ptntsfirstn,firstname
ptntsfirst,firstname
ptntsfirsname,firstname
ptntsfirsnam,firstname
ptntsfirsna,firstname
ptntsfirsnme,firstname
ptntsfirsnm,firstname
ptntsfirsne,firstname
ptntsfirsn,firstname
ptntsfirsame,firstname
ptntsfirsam,firstname
ptntsfirsae,firstname
ptntsfirsa,firstname
ptntsfirsme,firstname
ptntsfirsm,firstname
ptntsfirse,firstname
ptntsfirs,firstname
ptntsfirname,firstname
ptntsfirnam,firstname
ptntsfirna,firstname
ptntsfirnme,firstname
ptntsfirnm,firstname
ptntsfrstname,firstname
ptntsfrstnam,firstname
ptntsfrstna,firstname
ptntsfrstnme,firstname
ptntsfrstnm,firstname
ptntsfrstne,firstname
ptntsfrstn,firstname
ptntsfrst,firstname
ptntsfrsname,firstname
ptntsfrsnam,firstname
ptntsfrsna,firstname
ptntsfrsnme,firstname
ptntsfrsnm,firstname
ptntsfrsne,firstname
ptntsfrsn,firstname
ptntsfrsame,firstname
ptntsfrsam,firstname
ptntsfrsae,firstname
ptntsfrsa,firstname
ptntsfrsme,firstname
ptntsfrsm,firstname
ptntsfrse,firstname
ptntsfrname,firstname
ptntsfrnam,firstname
ptntsfrna,firstname
ptntsfrnme,firstname
ptntsfrnm,firstname
ptntsfrne,firstname
ptntsframe,firstname
ptntsfram,firstname
ptntsfrme,firstname
ptntsfstname,firstname
ptntsfstnam,firstname
ptntsfstna,firstname
ptntsfstnme,firstname
ptntsfstnm,firstname
ptntsfstne,firstname
ptntsfstn,firstname
ptntsfsname,firstname
ptntsfsnam,firstname
ptntsfsna,firstname
ptntsfsnme,firstname
ptntsfsnm,firstname
ptntfirstname,firstname
ptntfirstnam,firstname
ptntfirstna,firstname
ptntfirstnme,firstname
ptntfirstnm,firstname
ptntfirstne,firstname
ptntfirstn,firstname
ptntfirst,firstname
ptntfirsname,firstname
ptntfirsnam,firstname
ptntfirsna,firstname
ptntfirsnme,firstname
ptntfirsnm,firstname
ptntfirsne,firstname
ptntfirsn,firstname
ptntfirsame,firstname
ptntfirsam,firstname
ptntfirsme,firstname
ptntfirsm,firstname
ptntfirname,firstname
ptntfirnam,firstname
ptntfirnme,firstname
ptntfirnm,firstname
ptntfrstname,firstname
ptntfrstnam,firstname
ptntfrstna,firstname
ptntfrstnme,firstname
ptntfrstnm,firstname
ptntfrstne,firstname
ptntfrstn,firstname
ptntfrsname,firstname
ptntfrsnam,firstname
ptntfrsna,firstname
ptntfrsnme,firstname
ptntfrsnm,firstname
ptntfrsne,firstname
ptntfrsame,firstname
ptntfrsam,firstname
ptntfrsme,firstname
ptntfrname,firstname
ptntfrnam,firstname
ptntfrnme,firstname
ptntfstname,firstname
ptntfstnam,firstname
ptntfstna,firstname
ptntfstnme,firstname
ptntfstnm,firstname
ptntfstne,firstname
ptntfsname,firstname
ptntfsnam,firstname
ptntfsnme,firstname
ptnsfirstname,firstname
ptnsfirstnam,firstname
ptnsfirstna,firstname
ptnsfirstnme,firstname
ptnsfirstnm,firstname
ptnsfirstne,firstname
ptnsfirstn,firstname
ptnsfrstname,firstname
ptnsfrstnam,firstname
ptnsfrstna,firstname
ptnsfrstnme,firstname
ptnsfrstnm,firstname
ptnsfrstne,firstname
ptnsfrstn,firstname
ptnsfrsname,firstname
ptnsfrsnam,firstname
ptnsfrsna,firstname
ptnsfrsnme,firstname
ptnsfrsnm,firstname
ptnsfrsne,firstname
ptnsfrsame,firstname
ptnsfrsam,firstname
ptnsfrsme,firstname
ptnsfrname,firstname
ptnsfrnam,firstname
ptnsfrnme,firstname
ptnsfstname,firstname
ptnsfstnam,firstname
ptnsfstna,firstname
ptnsfstnme,firstname
ptnsfstnm,firstname
ptnsfstne,firstname
ptnsfsname,firstname
ptnsfsnam,firstname
ptnsfsnme,firstname
ptnsftname,firstname
ptnsftnam,firstname
ptnsftnme,firstname
ptnsrsname,firstname
ptnsrsnam,firstname
ptnsrsnme,firstname
ptnsrtname,firstname
ptnsrtnam,firstname
ptnsrtnme,firstname
ptnfirstname,firstname
ptnfirstnam,firstname
ptnfirstna,firstname
ptnfirstnme,firstname
ptnfirstnm,firstname
ptnfirstne,firstname
ptnfirstn,firstname
ptnfirsname,firstname
ptnfirsnam,firstname
ptnfirsnme,firstname
ptnfirsnm,firstname
ptnfrstname,firstname
ptnfrstnam,firstname
ptnfrstna,firstname
ptnfrstnme,firstname
ptnfrstnm,firstname
ptnfrstne,firstname
ptsfirstname,firstname
ptsfirstnam,firstname
ptsfirstna,firstname
ptsfirstnme,firstname
ptsfirstnm,firstname
ptsfirstne,firstname
ptsfirstn,firstname
ptsfirsname,firstname
ptsfirsnam,firstname
ptsfirsnme,firstname
ptsfirsnm,firstname
ptsfrstname,firstname
ptsfrstnam,firstname
ptsfrstna,firstname
ptsfrstnme,firstname
ptsfrstnm,firstname
ptsfrstne,firstname
ptsfrsname,firstname
ptsfrsnam,firstname
ptsfrsnme,firstname
ptsfstname,firstname
ptsfstnam,firstname
ptsfstnme,firstname
ptfirstname,firstname
ptfirstnam,firstname
ptfirstnme,firstname
ptfirstnm,firstname
ptfrstname,firstname
ptfrstnam,firstname
ptfrstnme,firstname
fname,firstname
givennme,firstname
givennm,firstname
givename,firstname
givenam,firstname
givenme,firstname
givenm,firstname
givnnme,firstname
givnnm,firstname
givnn,firstname
givname,firstname
givnam,firstname
givnme,firstname
givnm,firstname
firname,firstname
firnam,firstname
firna,firstname
firnme,firstname
firnm,firstname
frname,firstname
frnam,firstname
frnme,firstname
forename,firstname
forenam,firstname
forenme,firstname
forenm,firstname
forname,firstname
fornam,firstname
fornme,firstname
fornm,firstname
prename,firstname
prenam,firstname
prenme,firstname
prenm,firstname
prname,firstname
prnam,firstname
prnme,firstname
prnm,firstname
studentsfirstname,firstname
studentsfirstnam,firstname
studentsfirstnme,firstname
studentsfirstnm,firstname
studentsfirstn,firstname
studentsfirsname,firstname
studentsfirsnam,firstname
studentsfirsnme,firstname
studentsfirsnm,firstname
studentsfrstname,firstname
studentsfrstnam,firstname
studentsfrstnme,firstname
studentsfrstnm,firstname
studentsfrsname,firstname
studentsfrsnam,firstname
studentsfstname,firstname
studentsfstnam,firstname
studentsfstnme,firstname
studentsfstnm,firstname
studentfrstname,firstname
studentfrstnam,firstname
studentfrstnme,firstname
studentfrstnm,firstname
studentfrstn,firstname
studentfrsname,firstname
studentfrsnam,firstname
studentfrsnme,firstname
studentfrsnm,firstname
studentfstname,firstname
studentfstnam,firstname
studentfstna,firstname
studentfstnme,firstname
studentfstnm,firstname
studentfsname,firstname
studentfsnam,firstname
studentfsnme,firstname
studentfsnm,firstname
studentftname,firstname
studentftnam,firstname
studentftnme,firstname
studentftnm,firstname
studntsfirstname,firstname
studntsfirstnam,firstname
studntsfirstna,firstname
studntsfirstnme,firstname
studntsfirstnm,firstname
studntsfirstne,firstname
studntsfirstn,firstname
studntsfrstname,firstname
studntsfrstnam,firstname
studntsfrstna,firstname
studntsfrstnme,firstname
studntsfrstnm,firstname
studntsfrstne,firstname
studntsfrstn,firstname
studntsfrst,firstname
studntsfrsname,firstname
studntsfrsnam,firstname
studntsfrsna,firstname
studntsfrsnme,firstname
studntsfrsnm,firstname
studntsfstname,firstname
studntsfstnam,firstname
studntsfstnme,firstname
studntsfstnm,firstname
studntsfsname,firstname
studntsfsnam,firstname
studntsfsnme,firstname
studntsfsnm,firstname
studntsfname,firstname
studntsfnam,firstname
studntsfnme,firstname
studntsfnm,firstname
studntfirstname,firstname
studntfirstnam,firstname
studntfirstnme,firstname
studntfirstnm,firstname
studntfirstn,firstname
studntfrstname,firstname
studntfrstnam,firstname
studntfrsname,firstname
studntfrsnam,firstname
studntfrsnme,firstname
studntfrsnm,firstname
studntfrname,firstname
studntfrnam,firstname
studntfrnme,firstname
studntfrnm,firstname
studntfstname,firstname
studntfstnam,firstname
studntfstnme,firstname
studntfstnm,firstname
studntfstne,firstname
studntfstn,firstname
studntfsname,firstname
studntfsnam,firstname
studntfsnme,firstname
studntfsnm,firstname
stdentsfirstname,firstname
stdentsfirstnam,firstname
stdentsfirstna,firstname
stdentsfirstnme,firstname
stdentsfirstnm,firstname
stdentsfirstne,firstname
stdentsfirstn,firstname
stdentsfrstname,firstname
stdentsfrstnam,firstname
stdentsfrstnme,firstname
stdentsfrstnm,firstname
stdentsfrstne,firstname
stdentsfrstn,firstname
stdentsfrsname,firstname
stdentsfrsnam,firstname
stdentsfrsnme,firstname
stdentsfrsnm,firstname
stdentsfrsn,firstname
stdentsfrname,firstname
stdentsfrnam,firstname
stdentsfrnme,firstname
stdentsfrnm,firstname
stdentsfstname,firstname
stdentsfstnam,firstname
stdentsfstnme,firstname
stdentsfstnm,firstname
stdentsfstn,firstname
stdentfirstname,firstname
stdentfirstnam,firstname
stdentfirstnme,firstname
stdentfirstnm,firstname
stdentfirstn,firstname
stdentfirsname,firstname
stdentfirsnam,firstname
stdentfirsnme,firstname
stdentfirsnm,firstname
stdentfrstname,firstname
stdentfrstnam,firstname
stdentfrstnme,firstname
stdentfrstnm,firstname
stdentfrstn,firstname
stdentfrsname,firstname
stdentfrsnam,firstname
stdentfrsnme,firstname
stdentfrsnm,firstname
stdentfstname,firstname
stdentfstnam,firstname
stdentfstnme,firstname
stdentfstnm,firstname
stdentirstname,firstname
stdentirstnam,firstname
stdentirstnme,firstname
stdentirstnm,firstname
stdentrstname,firstname
stdensfirstname,firstname
stdensfirstnam,firstname
stdensfirstnme,firstname
stdensfirstnm,firstname
stdensfirstn,firstname
stdensfrstname,firstname
stdensfrstnam,firstname
stdensfrstnme,firstname
stdensfrstnm,firstname
stdensfrstn,firstname
stdensfrsname,firstname
stdensfrsnam,firstname
stdensfrsnme,firstname
stdensfrsnm,firstname
stdensfstname,firstname
stdensfstnam,firstname
stdensfstnme,firstname
stdensfstnm,firstname
stdenfirstname,firstname
stdenfirstnam,firstname
stdenfirstnme,firstname
stdenfirstnm,firstname
stdenfrstname,firstname
stdenfrstnam,firstname
stdenfrstnme,firstname
stdenfrstnm,firstname
stdntsfirstname,firstname
stdntsfirstnam,firstname
stdntsfirstnme,firstname
stdntsfirstnm,firstname
stdntsfirsname,firstname
stdntsfirsnam,firstname
stdntsfirsnme,firstname
stdntsfirsnm,firstname
stdntsfrstname,firstname
stdntsfrstnam,firstname
stdntsfrstnme,firstname
stdntsfrstnm,firstname
stdntsfrsname,firstname
stdntsfrsnam,firstname
stdntsfrsnme,firstname
stdntsfrsnm,firstname
stdntsfrname,firstname
stdntsfrnam,firstname
stdntsfrnme,firstname
stdntsfrnm,firstname
stdntsfstname,firstname
stdntsfstnam,firstname
stdntsfstnme,firstname
stdntsfstnm,firstname
stdntsfstn,firstname
stdntsfsname,firstname
stdntsfsnam,firstname
stdntsfsnme,firstname
stdntsfsnm,firstname
stdntfirstname,firstname
stdntfirstnam,firstname
stdntfirstnme,firstname
stdntfirstnm,firstname
stdntfirstn,firstname
stdntfirsname,firstname
stdntfirsnam,firstname
stdntfirsnme,firstname
stdntfirsnm,firstname
stdntfrstname,firstname
stdntfrstnam,firstname
stdntfrstnme,firstname
stdntfrstnm,firstname
stdntfrstn,firstname
stdntfrsname,firstname
stdntfrsnam,firstname
stdntfrsnme,firstname
stdntfrsnm,firstname
stdntfstname,firstname
stdntfstnam,firstname
stdntfstnme,firstname
stdntfstnm,firstname
stdntirstname,firstname
stdntirstnam,firstname
stdntirstnme,firstname
stdntirstnm,firstname
stdntrstname,firstname
stdntrstnam,firstname
stdntrstnme,firstname
stdntrstnm,firstname
stdnsfirstname,firstname
stdnsfirstnam,firstname
stdnsfirstnme,firstname
stdnsfirstnm,firstname
stdnsfirstn,firstname
stdnsfirsname,firstname
stdnsfirsnam,firstname
stdnsfirsnme,firstname
stdnsfirsnm,firstname
stdnsfrstname,firstname
stdnsfrstnam,firstname
stdnsfrstnme,firstname
stdnsfrstnm,firstname
stdnsfrstn,firstname
stdnsfrsname,firstname
stdnsfrsnam,firstname
stdnsfrsnme,firstname
stdnsfrsnm,firstname
stdnsfstname,firstname
stdnsfstnam,firstname
stdnsfstnme,firstname
stdnsfstnm,firstname
stdnfirstname,firstname
stdnfirstnam,firstname
stdnfirstnme,firstname
stdnfirstnm,firstname
stdnfrstname,firstname
stdnfrstnam,firstname
stdnfrstnme,firstname
stdnfrstnm,firstname
stdtsfirstname,firstname
stdtsfirstnam,firstname
stdtsfirstnme,firstname
stdtsfirstnm,firstname
stdtsfirstn,firstname
stdtsfirsname,firstname
stdtsfirsnam,firstname
stdtsfirsnme,firstname
stdtsfirsnm,firstname
stdtsfrstname,firstname
stdtsfrstnam,firstname
stdtsfrstnme,firstname
stdtsfrstnm,firstname
stdtsfrstn,firstname
stdtsfrsname,firstname
stdtsfrsnam,firstname
stdtsfrsnme,firstname
stdtsfrsnm,firstname
stdtsfstname,firstname
stdtsfstnam,firstname
stdtsfstnme,firstname
stdtsfstnm,firstname
stdtfirstname,firstname
stdtfirstnam,firstname
stdtfirstnme,firstname
stdtfirstnm,firstname
stdtfrstname,firstname
stdtfrstnam,firstname
stdtfrstnme,firstname
stdtfrstnm,firstname
middlename,middlename
middlenam,middlename
middlenme,middlename
middlenm,middlename
middlname,middlename
middlnam,middlename
middlnme,middlename
middlnm,middlename
middln,middlename
middname,middlename
midlname,middlename
midlnam,middlename
midlna,middlename
midlnme,middlename
midlnm,middlename
mddlename,middlename
mddlenam,middlename
mddlenme,middlename
mddlenm,middlename
mddlene,middlename
mddlen,middlename
mddleame,middlename
mddleam,middlename
mddleme,middlename
mddlem,middlename
mddlname,middlename
mddlnam,middlename
mddlna,middlename
mddlnme,middlename
mddlnm,middlename
mothersmaidennme,middlename
mothersmaidennm,middlename
mothersmaidnnme,middlename
mothersmaidnnm,middlename
mothersmdennme,middlename
mothersmdennm,middlename
mothersmdnnme,middlename
mothersmdnnm,middlename
mothersmdnne,middlename
mothersmdnn,middlename
mothermaidennme,middlename
mothermaidennm,middlename
mothermaidenne,middlename
mothermaidenn,middlename
mothermaidename,middlename
mothermaidenam,middlename
mothermaidena,middlename
mothermaidenme,middlename
mothermaidenm,middlename
mothermaidene,middlename
mothermaiden,middlename
mothermaideame,middlename
mothermaideam,middlename
mothermaideme,middlename
mothermaidem,middlename
mothermaidnnme,middlename
mothermaidnnm,middlename
mothermadennme,middlename
mothermadennm,middlename
mothermadenne,middlename
mothermadenn,middlename
mothermadename,middlename
mothermadenam,middlename
mothermadena,middlename
mothermadenme,middlename
mothermadenm,middlename
mothermadene,middlename
mothermaden,middlename
mothermadeame,middlename
mothermadeam,middlename
mothermademe,middlename
mothermadem,middlename
mothermadnnme,middlename
mothermadnnm,middlename
mothermadnne,middlename
mothermadnn,middlename
mothermadname,middlename
mothermadnam,middlename
mothermadna,middlename
mothermadnme,middlename
mothermadnm,middlename
mothermdnnme,middlename
mothermdnnm,middlename
mothermdnne,middlename
mothermdnn,middlename
mothermdname,middlename
mothermdnme,middlename
mothermdnm,middlename
mthersmaidennme,middlename
mthersmaidennm,middlename
mthersmaidenne,middlename
mthersmaidenn,middlename
mthersmaidename,middlename
mthersmaidenam,middlename
mthersmaidenme,middlename
mthersmaidenm,middlename
mthersmaidnnme,middlename
mthersmaidnnm,middlename
mthersmaidnne,middlename
mthersmaidnn,middlename
mthersmaidname,middlename
mthersmaidnam,middlename
mthersmaidna,middlename
mthersmaidnme,middlename
mthersmaidnm,middlename
mthersmadennme,middlename
mthersmadennm,middlename
mthersmadenne,middlename
mthersmadenn,middlename
mthersmadename,middlename
mthersmadenam,middlename
mthersmadena,middlename
mthersmadenme,middlename
mthersmadenm,middlename
mthersmadene,middlename
mthersmaden,middlename
mthersmadnnme,middlename
mthersmadnnm,middlename
mthersmdnnme,middlename
mthersmdnnm,middlename
mthersmdnne,middlename
mthersmdnn,middlename
mthersmdname,middlename
mthersmdnam,middlename
mthersmdna,middlename
mthersmdnme,middlename
mthersmdnm,middlename
mthersmdne,middlename
mthersmdn,middlename
mthersmdame,middlename
mthersmdam,middlename
mthersmdae,middlename
mthersmda,middlename
mthersmdme,middlename
mthersmdm,middlename
mthermaidennme,middlename
mthermaidennm,middlename
mthermaidenne,middlename
mthermaidenn,middlename
mthermaidename,middlename
mthermaidenam,middlename
mthermaidena,middlename
mthermaidenme,middlename
mthermaidenm,middlename
mthermaidene,middlename
mthermaiden,middlename
mthermaidnnme,middlename
mthermaidnnm,middlename
mthermaidnne,middlename
mthermaidnn,middlename
mthermaidname,middlename
mthermaidnam,middlename
mthermaidna,middlename
mthermaidnme,middlename
mthermaidnm,middlename
mthermaidne,middlename
mthermaidn,middlename
mthermaidame,middlename
mthermaidam,middlename
mthermaidme,middlename
mthermaidm,middlename
mthermdnnme,middlename
mthermdnnm,middlename
mthermdnn,middlename
mthermdname,middlename
mthermdnam,middlename
mthermdna,middlename
mthermdnme,middlename
mthermdnm,middlename
mthermnnme,middlename
mthermnnm,middlename
mthermname,middlename
mthermnam,middlename
mthermnme,middlename
mtherdennme,middlename
mtherdennm,middlename
mtherdename,middlename
mtherdenam,middlename
mtherdenme,middlename
mtherdenm,middlename
mtherdnnme,middlename
mtherdnnm,middlename
mtherdname,middlename
mtherdnam,middlename
mtherdnme,middlename
mthrsmdennme,middlename
mthrsmdennm,middlename
mthrsmdenne,middlename
mthrsmdenn,middlename
mthrsmdename,middlename
mthrsmdenam,middlename
mthrsmdena,middlename
mthrsmdenme,middlename
mthrsmdenm,middlename
mthrsmdene,middlename
mthrsmden,middlename
mthrsmdeame,middlename
mthrsmdeam,middlename
mthrsmdeae,middlename
mthrsmdea,middlename
mthrsmdeme,middlename
mthrsmdem,middlename
mthrsmdee,middlename
mthrsmdnnme,middlename
mthrsmdnnm,middlename
mthrsmdnne,middlename
mthrsmdnn,middlename
mthrsmdname,middlename
mthrsmdnam,middlename
mthrsmdna,middlename
mthrsmdnme,middlename
mthrsmdnm,middlename
mthrsmdne,middlename
mthrsmdame,middlename
mthrsmdam,middlename
mthrsmdae,middlename
mthrsmdme,middlename
mthrsmnnme,middlename
mthrsmnnm,middlename
mthrsmnne,middlename
mthrsmname,middlename
mthrsmnam,middlename
mthrsmnme,middlename
mthrsnnme,middlename
mthrsname,middlename
mthrmaidennme,middlename
mthrmaidennm,middlename
mthrmaidenn,middlename
mthrmaidename,middlename
mthrmaidenam,middlename
mthrmaidenme,middlename
mthrmaidenm,middlename
mthrmaiden,middlename
mthrmaidnnme,middlename
mthrmaidnme,middlename
mthrmaidnm,middlename
mthrmaidne,middlename
mthrmaidn,middlename
mthrmaidame,middlename
mthrmaidam,middlename
mthrmaidme,middlename
mthrmaidm,middlename
mthrmdennme,middlename
mthrmdennm,middlename
mthrmdenne,middlename
mthrmdenn,middlename
mthrmdename,middlename
mthrmdenam,middlename
mthrmdnnme,middlename
mthrmdnnm,middlename
mthrmdnne,middlename
mthrmdname,middlename
mthrmdnam,middlename
mthrmdnme,middlename
mthrmname,middlename
mdnname,middlename
maidenname,middlename
mdnnme,middlename
lastname,lastname
lastnam,lastname
lastnme,lastname
lastnm,lastname
lastn,lastname
lasname,lastname
lasnam,lastname
lasnme,lastname
lasnm,lastname
latname,lastname
latnam,lastname
latnme,lastname
latnm,lastname
lstname,lastname
lstnam,lastname
lstnme,lastname
lstnm,lastname
lsname,lastname
lsnam,lastname
lsnme,lastname
ltname,lastname
ltnam,lastname
ltnme,lastname
surname,lastname
surnam,lastname
surnme,lastname
surnm,lastname
srname,lastname
srnam,lastname
srnme,lastname
srnm,lastname
sname,lastname
snam,lastname
snme,lastname
ptntslastname,lastname
ptntslastnam,lastname
ptntslastnme,lastname
ptntslastnm,lastname
ptntslastn,lastname
ptntslast,lastname
ptntslasname,lastname
ptntslasnam,lastname
ptntslasna,lastname
ptntslasnme,lastname
ptntslasnm,lastname
ptntslstname,lastname
ptntslstnam,lastname
ptntslstna,lastname
ptntslstnme,lastname
ptntslstnm,lastname
ptntslstn,lastname
ptntslsname,lastname
ptntslsnam,lastname
ptntslsna,lastname
ptntslsnme,lastname
ptntslsnm,lastname
ptntlastname,lastname
ptntlastnam,lastname
ptntlastnme,lastname
ptntlastnm,lastname
ptntlastn,lastname
ptntlstname,lastname
ptntlstnam,lastname
ptntlstna,lastname
ptntlstnme,lastname
ptntlstnm,lastname
ptntlname,lastname
ptnslastname,lastname
ptnslastnam,lastname
ptnslastna,lastname
ptnslastnme,lastname
ptnslastnm,lastname
ptnslastn,lastname
ptnslasname,lastname
ptnslasnam,lastname
ptnslasnme,lastname
ptnslasnm,lastname
ptnslstname,lastname
ptnslstnam,lastname
ptnslstnme,lastname
ptnslstnm,lastname
ptnslsname,lastname
ptnslsnam,lastname
ptnslsnme,lastname
ptnslname,lastname
ptnlastname,lastname
ptnlastnam,lastname
ptnlastnme,lastname
ptnlastnm,lastname
ptnlasname,lastname
ptnlasnam,lastname
ptnlasnme,lastname
ptnlstname,lastname
ptnlstnam,lastname
ptnlstnme,lastname
ptnlsname,lastname
ptslastname,lastname
ptslastnam,lastname
ptslastnme,lastname
ptslastnm,lastname
ptslasname,lastname
ptslasnam,lastname
ptslasnme,lastname
ptslstname,lastname
ptslstnam,lastname
ptslstnme,lastname
ptslsname,lastname
ptlastname,lastname
ptlastnam,lastname
ptlastnme,lastname
ptlstname,lastname
studentslastname,lastname
studentslastnam,lastname
studentslastnme,lastname
studentslastnm,lastname
studentslastn,lastname
studentslasname,lastname
studentslasnam,lastname
studentslasnme,lastname
studentslasnm,lastname
studentslasn,lastname
studentslaname,lastname
studentslstname,lastname
studentslstnam,lastname
studentslstnme,lastname
studentslstnm,lastname
studentslstn,lastname
studentslsname,lastname
studentslsnam,lastname
studentslsnme,lastname
studentslsnm,lastname
studentslname,lastname
studentslnam,lastname
studentslnme,lastname
studentslnm,lastname
studentlastname,lastname
studentlastnam,lastname
studentlastnme,lastname
studentlastnm,lastname
studentlastn,lastname
studentlasname,lastname
studentlasnam,lastname
studentlasnme,lastname
studentlasnm,lastname
studentlasn,lastname
studentlstname,lastname
studentlstnam,lastname
studentlstnme,lastname
studentlstnm,lastname
studentlstn,lastname
studentlsname,lastname
studentlsnam,lastname
studentlsnme,lastname
studentlsnm,lastname
studentlsn,lastname
studentlname,lastname
studentlnam,lastname
studentlnme,lastname
studentlnm,lastname
studntslastname,lastname
studntslastnam,lastname
studntslastna,lastname
studntslastnme,lastname
studntslastnm,lastname
studntslastne,lastname
studntslastn,lastname
studntslasname,lastname
studntslasnam,lastname
studntslasnme,lastname
studntslasnm,lastname
studntslasn,lastname
studntslstname,lastname
studntslstnam,lastname
studntslstnme,lastname
studntslstnm,lastname
studntslstn,lastname
studntslsname,lastname
studntslsnam,lastname
studntslsnme,lastname
studntslsnm,lastname
studntslsn,lastname
studntslname,lastname
studntslnam,lastname
studntslnme,lastname
studntslnm,lastname
studntsln,lastname
studntlastname,lastname
studntlastnam,lastname
studntlastnme,lastname
studntlastnm,lastname
studntlastn,lastname
studntlasname,lastname
studntlasnam,lastname
studntlasnme,lastname
studntlasnm,lastname
studntlasn,lastname
studntlstname,lastname
studntlstnam,lastname
studntlstnme,lastname
studntlstnm,lastname
studntlstn,lastname
studntlsname,lastname
studntlsnam,lastname
studntlsnme,lastname
studntlsnm,lastname
stdentslastname,lastname
stdentslastnam,lastname
stdentslastnme,lastname
stdentslastnm,lastname
stdentslastn,lastname
stdentslasname,lastname
stdentslasnam,lastname
stdentslasnme,lastname
stdentslasnm,lastname
stdentslasn,lastname
stdentslstname,lastname
stdentslstnam,lastname
stdentslstnme,lastname
stdentslstnm,lastname
stdentslstn,lastname
stdentslsname,lastname
stdentslsnam,lastname
stdentslsnme,lastname
stdentslsnm,lastname
stdentslsn,lastname
stdentlastname,lastname
stdentlastnam,lastname
stdentlastnme,lastname
stdentlastnm,lastname
stdentlastn,lastname
stdentlasname,lastname
stdentlasnam,lastname
stdentlasnme,lastname
stdentlasnm,lastname
stdentlstname,lastname
stdentlstnam,lastname
stdentlstnme,lastname
stdentlstnm,lastname
stdentlstn,lastname
stdentlsname,lastname
stdentlsnam,lastname
stdentlsnme,lastname
stdentlsnm,lastname
stdntslastname,lastname
stdntslastnam,lastname
stdntslastnme,lastname
stdntslastnm,lastname
stdntslastn,lastname
stdntslast,lastname
stdntslasname,lastname
stdntslasnam,lastname
stdntslasnme,lastname
stdntslasnm,lastname
stdntslstname,lastname
stdntslstnam,lastname
stdntslstnme,lastname
stdntslstnm,lastname
stdntslstn,lastname
stdntslsname,lastname
stdntslsnam,lastname
stdntslsnme,lastname
stdntslsnm,lastname
stdntslname,lastname
stdntslnam,lastname
stdntslnme,lastname
stdntslnm,lastname
stdntlastname,lastname
stdntlastnam,lastname
stdntlastnme,lastname
stdntlastnm,lastname
stdntlastn,lastname
stdntlasname,lastname
stdntlasnam,lastname
stdntlasnme,lastname
stdntlasnm,lastname
stdntlatname,lastname
stdntlatnam,lastname
stdntlatnme,lastname
stdntlatnm,lastname
stdntlstname,lastname
stdntlstnam,lastname
stdntlstnme,lastname
stdntlstnm,lastname
stdntlstn,lastname
stdntlsname,lastname
stdntlsnam,lastname
stdntlsnme,lastname
stdtslastname,lastname
stdtslastnam,lastname
stdtslastnme,lastname
stdtslastnm,lastname
stdtslastn,lastname
stdtslasname,lastname
stdtslasnam,lastname
stdtslasnme,lastname
stdtslasnm,lastname
stdtslstname,lastname
stdtslstnam,lastname
stdtslstnme,lastname
stdtslstnm,lastname
stdtslstn,lastname
stdtslsname,lastname
stdtslsnam,lastname
stdtslsnme,lastname
stdtslsnm,lastname
stdtlastname,lastname
stdtlastnam,lastname
stdtlastnme,lastname
stdtlastnm,lastname
stdtlstname,lastname
stdtlstnam,lastname
stdtlstnme,lastname
stdtlstnm,lastname
familyname,lastname
familynam,lastname
familynme,lastname
familynm,lastname
famlyname,lastname
famlynam,lastname
famlynme,lastname
famlynm,lastname
famlyn,lastname
fmlyname,lastname
fmlynam,lastname
fmlynme,lastname
fmlynm,lastname
fmlname,lastname
fmlnam,lastname
fmlnme,lastname
dob,dateofbirth
birthdate,dateofbirth
dateofbirth,dateofbirth
yearofbirth,dateofbirth
month,dateofbirth
date,dateofbirth
day,dateofbirth
year,dateofbirth
bday,dateofbirth
birthday,dateofbirth
birthmonth,dateofbirth
monthofbirth,dateofbirth
birthyear,dateofbirth
ddmmyy,dateofbirth
ddmmyyyy,dateofbirth
yyyy,dateofbirth
mm,dateofbirth
dd,dateofbirth
yr,dateofbirth
mnth,dateofbirth
dt,dateofbirth
eth,ethnicity
ethncty,ethnicity
ethnicity,ethnicity
race,ethnicity
nationality,ethnicity
nationalty,ethnicity
ntionality,ethnicity
ntionalty,ethnicity
ntnlty,ethnicity
nativity,ethnicity
nativty,ethnicity
ntivity,ethnicity
ntivty,ethnicity
ntvty,ethnicity
city,city
cty,city
town,city
village,city
vlg,city
taluk,city
tlk,city
tluk,city
mtrcty,city
metrocity,city
municpality,city
mun,city
muncipal,city
muncpalty,city
municiplty,city
mncipality,city
mncplty,city
rurality,city
ruralty,city
rural,city
district,city
dstrct,city
cities,city
sector,city
sctr,city
ct,city
state,state
states,state
trtory,state
teritory,state
territory,state
province,state
prvnce,state
provnce,state
prvince,state
states,state
country,country
ctry,country
cntry,country
nation,country
ntion,country
ntn,country
countryoforigin,country
cntryoforigin,country
cntryoforign,country
cntryoforgin,country
countryoforign,country
cntryforgn,country
cntryforigin,country
cntryfrgn,country
origincountry,country
orgncntry,country
home,address
homeaddress,address
homeadd,address
office,address
offadd,address
officeaddress,address
officeadd,address
work,address
workadd,address
workaddress,address
doorno,address
doornumber,address
building,address
buildingname,address
area,address
locality,address
lcty,address
arena,address
st,address
street,address
streetname,address
addr,address
address,address
stnm,address
station,address
stn,address
landmark,address
lndmk,address
lndmrk,address
loc,address
rgn,address
religion,religion
rel,religion
rlgn,religion
community,religion
cmmunty,religion
comunity,religion
comunty,religion
sex,gender
gndr,gender
gender,gender
sexuality,gender
sx,gender
email,email
emailid,email
mailid,email
mail,email
eml,email
emil,email
emailaddress,email
faxnumber,fax_number
faxno,fax_number
faxnum,fax_number
fax,fax_number
memfax,fax_number
fax,fax_number
aadhaar,aadhar
aadhar,aadhar
uid,aadhar
uidai,aadhar
adr,aadhar
adar,aadhar
adrcrd,aadhar
adhrcard,aadhar
adhrcrd,aadhar
adrdtls,aadhar
adhardetails,aadhar
ipaddress,ip_address
ipaddr,ip_address
ipno,ip_address
ip,ip_address
ipaddrs,ip_address
macaddress,mac_address
macaddrs,mac_address
macaddr,mac_address
macid,mac_address
mac,mac_address
macdetails,mac_address
macadresse,mac_address
passport,passport
passportdetails,passport
passports,passport
passprtdetls,passport
passprtdetails,passport
passprtdetail,passport
passprtdtail,passport
passprtdt,passport
passptdtl,passport
pssprtdts,passport
pssprtdtl,passport
pssprtdtl,passport
traveldocument,passport
traveldocumnt,passport
traveldoc,passport
trvldoc,passport
trvldocumnt,passport
travdcumnt,passport
tldcument,passport
issuingauthority,passport
issuingauth,passport
issuedby,passport
nationalidentitycard,passport
ntnlidcrd,passport
ntnltyid,passport
ntnlid,passport
bloodgroup,blood_group
bldgrp,blood_group
bldgroup,blood_group
bloodtype,blood_group
bldtype,blood_group
bloodvariant,blood_group
bldvariant,blood_group
bldvrnt,blood_group
bldtyp,blood_group
blodgrp,blood_group
blodvrnt,blood_group
blodtyp,blood_group
blood,blood_group
age,age
exp,age
experience,age
yrsofexp,age
yearsfexp,age
yearsofexperience,age
yrsfexperience,age
yrsofexper,age
postalcode,postalcode
postcode,postalcode
pstalcode,postalcode
pstalcd,postalcode
pcode,postalcode
pincode,postalcode
pincde,postalcode
pncod,postalcode
pncd,postalcode
pscod,postalcode
pstlcod,postalcode
pstlcde,postalcode
pcode,postalcode
pincd,postalcode
zipcode,postalcode
zipcde,postalcode
zipcd,postalcode
zpcode,postalcode
zpcde,postalcode
zpcd,postalcode
ibannumber,iban 
ibanno,iban 
iban,iban
ibans,iban
bban,iban
bbannumber,iban
bbanno,bban
driverspermit,driver_license
driversprmit,driver_license
driverpermit,driver_license
driverprmt,driver_license
driverpmt,driver_license
drivrpermit,driver_license
drivspermt,driver_license
drivspmt,driver_license
drverspmt,driver_license
drverpermit,driver_license
drverpmt,driver_license
drpermit,driver_license
autopermit,driver_license
autoprmit,driver_license
autoprmt,driver_license
atoprmt,driver_license
atprmt,driver_license
dmv,driver_license
dls,driver_license
cdls,driver_license
cdl,driver_license
cds,driver_license
cls,driver_license
lic,driver_license
dln,driver_license
drivierid,driver_license
driveridcrd,driver_license
driverspermitnumber,driver_license
drvrpmtno,driver_license
drvrpermitnmbr,driver_license
drivernmbr,driver_license
drivinglicense,driver_license
driverslicensenumber,driver_license
dlno,driver_license
driverno,driver_license
dlnumber,driver_license
dlnum,driver_license
drlic,driver_license
dl,driver_license
dls,driver_license
driverlic,driver_license
drivlic,driver_license
dlnos,driver_license
licno,driver_license
license,driver_license
driver,driver_license
driving,driver_license
creditcardnumber,card_details
CusCCVISA,card_details
CusCCMaster,card_details
CreditCardno,card_details
creditcard,card_details
creditcrd,card_details
creditcd,card_details
credtcard,card_details
credtcrd,card_details
credtcd,card_details
credcard,card_details
credcrd,card_details
credcd,card_details
crditcard,card_details
crditcrd,card_details
crditcd,card_details
crdtcard,card_details
crdtcrd,card_details
crdtcd,card_details
crdcard,card_details
crdcad,card_details
crdcrd,card_details
crdcd,card_details
cdtcard,card_details
cdtcrd,card_details
cdcard,card_details
cdcrd,card_details
bankcard,card_details
bankcrd,card_details
bnkcard,card_details
bnkcrd,card_details
bnkcd,card_details
bkcard,card_details
bkcrd,card_details
ccn,card_details
checkcard,card_details
checkcrd,card_details
checkcd,card_details
chckcard,card_details
chckcrd,card_details
cccard,card_details
debitcard,card_details
debitcrd,card_details
debitcr,card_details
debtcard,card_details
debtcrd,card_details
dbitcard,card_details
dbitcrd,card_details
dbtcard,card_details
dbtcrd,card_details
dbcard,card_details
dbcrd,card_details
atmcard,card_details
atmcd,card_details
credt,card_details
ccard,card_details
cardnumber,card_details
cardnmber,card_details
cardnmbr,card_details
cardnmb,card_details
cardnmr,card_details
crdnumber,card_details
crdnumbr,card_details
crdnmber,card_details
crdnmbr,card_details
crnumber,card_details
crnumbr,card_details
crnmber,card_details
crnmbr,card_details
cdnmber,card_details
cdnmbr,card_details
affinitycard,card_details
affinitycrd,card_details
affintycard,card_details
affintycrd,card_details
affintycr,card_details
affntycard,card_details
affntycrd,card_details
affntcard,card_details
affntcrd,card_details
affncard,card_details
affycard,card_details
affycrd,card_details
affcard,card_details
affcrd,card_details
afintycard,card_details
afintycrd,card_details
afntycard,card_details
afntycrd,card_details
afntycr,card_details
afntycd,card_details
afncard,card_details
afncrd,card_details
afycard,card_details
afycrd,card_details
afcard,card_details
afcrd,card_details
carddetails,card_details
crddtls,card_details
crdetails,card_details
crdtls,card_details
visanumber,card_details
visanum,card_details
visacard,card_details
mastercard,card_details
mstrcrd,card_details
taxid,pan_card
taxi,pan_card
taxd,pan_card
tax,pan_card
txid,pan_card
tin,pan_card
itin,pan_card
taxfilenumber,pan_card
taxfilenumbr,pan_card
taxfilenmber,pan_card
taxfilenmbr,pan_card
txfilenumber,pan_card
txfilenumbe,pan_card
txfilenumbr,pan_card
txfilenum,pan_card
txfilenmber,pan_card
txfilenmbr,pan_card
taxnumbr,pan_card
taxnum,pan_card
taxnmber,pan_card
taxnmbr,pan_card
txnumbr,pan_card
txnum,pan_card
txnmber,pan_card
txnmbr,pan_card
taxidnumber,pan_card
taxidnumbr,pan_card
taxidnumb,pan_card
tidnumber,pan_card
pannumber,pan_card
pannumbr,pan_card
pannumb,pan_card
pannmber,pan_card
panumber,pan_card
pnnumber,pan_card
pnumber,pan_card
pnmr,pan_card
pancard,pan_card
pancrd,pan_card
pancd,pan_card
pncard,pan_card
pncrd,pan_card
pcard,pan_card
uniquetaxpayerreference,pan_card
unqtxpyr,pan_card
unqpyrref,pan_card
uniquetaxreference,pan_card
uniquetxref,pan_card
unqtaxreference,pan_card
unqtaxref,pan_card
phonenumber,mobile_number
phonenumbr,mobile_number
phnum,mobile_number
phonenos,mobile_number
phoneno,mobile_number
phonenmber,mobile_number
phonenmbr,mobile_number
phnumber,mobile_number
phno,mobile_number
phnmr,mobile_number
contactnumber,mobile_number
contactnumbr,mobile_number
contactnum,mobile_number
contactno,mobile_number
contactnmbr,mobile_number
contctnmber,mobile_number
cntactnumber,mobile_number
cntactnumbr,mobile_number
cntactnmber,mobile_number
cntactnmbr,mobile_number
cellnumber,mobile_number
cellnumbr,mobile_number
cellno,mobile_number
cellnmber,mobile_number
cellnmbr,mobile_number
telephonenumber,mobile_number
telephoneno,mobile_number
telephonenumbr,mobile_number
telephnno,mobile_number
telphonenumber,mobile_number
telphoneno,mobile_number
telphonenumbr,mobile_number
telphonenum,mobile_number
telphonenmber,mobile_number
telphonenmbr,mobile_number
telphonno,mobile_number
telphonnmber,mobile_number
telphonnmbr,mobile_number
telphnno,mobile_number
telphnnmbr,mobile_number
telphnnum,mobile_number
tlphnno,mobile_number
tlphnnumbr,mobile_number
landline,mobile_number
landlne,mobile_number
landln,mobile_number
ladlne,mobile_number
ladln,mobile_number
lndline,mobile_number
lndlin,mobile_number
lndlne,mobile_number
lndln,mobile_number
lnline,mobile_number
lnlin,mobile_number
lnlne,mobile_number
ldline,mobile_number
mobilenumber,mobile_number
mobilenumbr,mobile_number
mobilenmber,mobile_number
mobilenmbr,mobile_number
mobilenmb,mobile_number
mobilenm,mobile_number
mobileno,mobile_number
mobilnumber,mobile_number
moblnumber,mobile_number
moblnumbr,mobile_number
moblnumr,mobile_number
moblnum,mobile_number
moblnmber,mobile_number
mobnumber,mobile_number
mobnumbr,mobile_number
mobnmber,mobile_number
mobnmbr,mobile_number
mobnmer,mobile_number
mobnmr,mobile_number
mblno,mobile_number
mblnmbr,mobile_number
twitterid,twitter_id
twtrid,twitter_id
twitter,twitter_id
twid,twitter_id
linkedinid,linked_in
linkedin,linked_in
linkdnid,linked_in
lnkdin,linked_in
gstn,gst
gst,gst
gstid,gst
gstnumber,gst
gstno,gst
gstnumbr,gst
gstnmbr,gst
customerinformationfile,CIF_number
customerid,CIF_number
customeridentificationfile,CIF_number
cifnumber,CIF_number
custinfofilenumber,CIF_number
cinfofilenumber,CIF_number
custinfofnum,CIF_number
customerfilenumber,CIF_number
cfilenumber,CIF_number
cifnumber,CIF_number
cifn,CIF_number
cifnum,CIF_number
csc,CVV_Number
cvvnum,CVV_Number
cvvnumber:CVV_Number
cvc,CVV_Number
ccv,CVV_Number
cvv2,CVV_Number
cvv,CVV_Number
cv2,CVV_Number
scode,CVV_Number
securitycode,CVV_Number
scrtcd,CVV_Number
scrtcod,CVV_Number
scrtc,CVV_Number
scrtcode,CVV_Number
securcode,CVV_Number
securcd,CVV_Number
securcod,CVV_Number
securtycode,CVV_Number
securtycod,CVV_Number
securtycd,CVV_Number
securtycde,CVV_Number
securitycd,CVV_Number
securitycod,CVV_Number
scrcode,CVV_Number
scrcd,CVV_Number
scrcod,CVV_Number
scrcde,CVV_Number
secucode,CVV_Number
secucd,CVV_Number
secucod,CVV_Number
cardverificationcode,CVV_Number
cardverifycode,CVV_Number
cardverfcod,CVV_Number
sortcodes,SortCode
sortc,SortCode
sortcode,SortCode
sortcod,SortCode
scode,SortCode
scodes,SortCode
branchc,SortCode
branchcode,SortCode
branchcodes,SortCode
brnchcodes,SortCode
brnchcode,SortCode
brnchcds,SortCode
brnchcd,SortCode
socialsecurityno,SSN
socialsecuritynumber,SSN
socialsecuritycode,SSN
ssanumber,SSN
ssid,SSN
socialsecuritynum,SSN
socsecuritynumber,SSN
ssc,SSN
ssan,SSN
ssanum,SSN
ssano,SSN
sscodes,SSN
sscode,SSN
sscod,SSN
ssno,SSN
ssnum,SSN
ssn,SSN
ssecurenumber,SSN
sscrnum,SSN
sscrnumber,SSN
cvn,CVN
identity number,CVN
personal id,CVN
identity document,CVN
personnumber,CVN
prsnnum,CVN
prsonnum,CVN
prsnn,CVN
prsnlid,CVN
prsonalid,CVN
prsnalid,CVN
persnlid,CVN
iddoc,CVN
iddocuments,CVN
iddocs,CVN
idnumber,CVN
idtnum,CVN
idtn,CVN
idnumbers,CVN
ifsc,IFSC
ifscodes,IFSC
ifscod,IFSC
ifscode,IFSC
branchc,IFSC
branchcode,IFSC
branchcodes,IFSC
brnchcodes,IFSC
brnchcode,IFSC
brnchcds,IFSC
brnchcd,IFSC
indfinsyscodes,IFSC
indfscodes,IFSC
indfscode,IFSC
indfscods,IFSC
ifs,IFSC
biccode,swift_code
businessIdentifiercodes,swift_code
swiftcode,swift_code
bankidentificationcode,swift_code
bicc,swift_code
biccod,swift_code
biccd,swift_code
bidcode,swift_code
bankidcode,swift_code
bankidcodes,swift_code
busidcodes,swift_code
bnkidentifycode,swift_code
bnkidcode,swift_code
bnkidcodes,swift_code
swiftcodes,swift_code
swiftcods,swift_code
swiftc,swift_code
swift,swift_code
bankaccountnumber,bank_account_number
bnkaccnum,bank_account_number
bkacnum,bank_account_number
bnkacc,bank_account_number
bkacno,bank_account_number
bkacntno,bank_account_number
bankaccount,bank_account_number
accountnumber,bank_account_number
accnumber,bank_account_number
acno,bank_account_number
accnum,bank_account_number
acnmbr,bank_account_number
correspondentbank,bank_account_number
crspndntbnk,bank_account_number
correspondingbank,bank_account_number
corrbank,bank_account_number
bankinginformation,bank_account_number
bnknginfo,bank_account_number
bnkinfo,bank_account_number
bankdetails,bank_account_number
bnkdtls,bank_account_number
checkingaccountnumber,bank_account_number
chckngacc,bank_account_number
checkingacc,bank_account_number
checkingacccount,bank_account_number
savingsaccountnumber,bank_account_number
svngsaccnum,bank_account_number
savingsacc,bank_account_number
debitaccountnumber,bank_account_number
dbtaccntnum,bank_account_number
dbtacc,bank_account_number